ACTION,COORDINATES,ID,NAME,CONCENTRATION,COLOR,SYMBOL,KEY,VALUE,ENTITY
APPEND,A1,,cell-1,0.01,lightgreen,cell-1,,,Biocollections::CellLine
APPEND,A2,,cell-2,0.011,lightgreen,cell-2,,,Biocollections::CellLine
APPEND,A3,,cell-4,0.012,lightgreen,cell-4,,,Biocollections::CellLine
APPEND,A4,,cell-1,0.013,lightgreen,cell-1,,,Biocollections::CellLine
APPEND,A5,,cell-2,0.014,lightgreen,cell-2,,,Biocollections::CellLine
APPEND,A6,,cell-4,0.015,lightgreen,cell-4,,,Biocollections::CellLine
APPEND,A7,,cell-1,0.016,lightgreen,cell-1,,,Biocollections::CellLine
APPEND,A8,,cell-2,0.017,lightgreen,cell-2,,,Biocollections::CellLine
APPEND,A9,,cell-4,0.018,lightgreen,cell-4,,,Biocollections::CellLine
APPEND,A10,,cell-1,0.019,lightgreen,cell-1,,,Biocollections::CellLine
APPEND,A11,,cell-2,0.02,lightgreen,cell-2,,,Biocollections::CellLine
APPEND,A12,,cell-4,0.021,lightgreen,cell-4,,,Biocollections::CellLine
APPEND,A13,,cell-1,0.022,lightgreen,cell-1,,,Biocollections::CellLine
APPEND,A14,,cell-2,0.023,lightgreen,cell-2,,,Biocollections::CellLine
APPEND,A15,,cell-4,0.024,lightgreen,cell-4,,,Biocollections::CellLine
APPEND,A16,,cell-1,0.025,lightgreen,cell-1,,,Biocollections::CellLine
APPEND,A17,,cell-2,0.026,lightgreen,cell-2,,,Biocollections::CellLine
APPEND,A18,,cell-4,0.027,lightgreen,cell-4,,,Biocollections::CellLine
APPEND,A19,,cell-1,0.028,lightgreen,cell-1,,,Biocollections::CellLine
APPEND,A20,,cell-2,0.029,lightgreen,cell-2,,,Biocollections::CellLine
APPEND,A21,,cell-4,0.03,lightgreen,cell-4,,,Biocollections::CellLine
APPEND,A22,,cell-1,0.031,lightgreen,cell-1,,,Biocollections::CellLine
APPEND,A23,,cell-2,0.032,lightgreen,cell-2,,,Biocollections::CellLine
APPEND,A24,,cell-4,0.033,lightgreen,cell-4,,,Biocollections::CellLine
APPEND,B1,,cell-1,0.034,lightgreen,cell-1,,,Biocollections::CellLine
APPEND,B2,,cell-2,0.035,lightgreen,cell-2,,,Biocollections::CellLine
APPEND,B3,,cell-4,0.036,lightgreen,cell-4,,,Biocollections::CellLine
APPEND,B4,,cell-1,0.037,lightgreen,cell-1,,,Biocollections::CellLine
APPEND,B5,,cell-2,0.038,lightgreen,cell-2,,,Biocollections::CellLine
APPEND,B6,,cell-4,0.039,lightgreen,cell-4,,,Biocollections::CellLine
APPEND,B7,,cell-1,0.04,lightgreen,cell-1,,,Biocollections::CellLine
APPEND,B8,,cell-2,0.041,lightgreen,cell-2,,,Biocollections::CellLine
APPEND,B9,,cell-4,0.042,lightgreen,cell-4,,,Biocollections::CellLine
APPEND,B10,,cell-1,0.043,lightgreen,cell-1,,,Biocollections::CellLine
APPEND,B11,,cell-2,0.044,lightgreen,cell-2,,,Biocollections::CellLine
APPEND,B12,,cell-4,0.045,lightgreen,cell-4,,,Biocollections::CellLine
APPEND,B13,,cell-1,0.046,lightgreen,cell-1,,,Biocollections::CellLine
APPEND,B14,,cell-2,0.047,lightgreen,cell-2,,,Biocollections::CellLine
APPEND,B15,,cell-4,0.048,lightgreen,cell-4,,,Biocollections::CellLine
APPEND,B16,,cell-1,0.049,lightgreen,cell-1,,,Biocollections::CellLine
APPEND,B17,,cell-2,0.05,lightgreen,cell-2,,,Biocollections::CellLine
APPEND,B18,,cell-4,0.051,lightgreen,cell-4,,,Biocollections::CellLine
APPEND,B19,,cell-1,0.052,lightgreen,cell-1,,,Biocollections::CellLine
APPEND,B20,,cell-2,0.053,lightgreen,cell-2,,,Biocollections::CellLine
APPEND,B21,,cell-4,0.054,lightgreen,cell-4,,,Biocollections::CellLine
APPEND,B22,,cell-1,0.055,lightgreen,cell-1,,,Biocollections::CellLine
APPEND,B23,,cell-2,0.056,lightgreen,cell-2,,,Biocollections::CellLine
APPEND,B24,,cell-4,0.057,lightgreen,cell-4,,,Biocollections::CellLine
APPEND,C1,,cell-1,0.058,lightgreen,cell-1,,,Biocollections::CellLine
APPEND,C2,,cell-2,0.059,lightgreen,cell-2,,,Biocollections::CellLine
APPEND,C3,,cell-4,0.06,lightgreen,cell-4,,,Biocollections::CellLine
APPEND,C4,,cell-1,0.061,lightgreen,cell-1,,,Biocollections::CellLine
APPEND,C5,,cell-2,0.062,lightgreen,cell-2,,,Biocollections::CellLine
APPEND,C6,,cell-4,0.063,lightgreen,cell-4,,,Biocollections::CellLine
APPEND,C7,,cell-1,0.064,lightgreen,cell-1,,,Biocollections::CellLine
APPEND,C8,,cell-2,0.065,lightgreen,cell-2,,,Biocollections::CellLine
APPEND,C9,,cell-4,0.066,lightgreen,cell-4,,,Biocollections::CellLine
APPEND,C10,,cell-1,0.067,lightgreen,cell-1,,,Biocollections::CellLine
APPEND,C11,,cell-2,0.068,lightgreen,cell-2,,,Biocollections::CellLine
APPEND,C12,,cell-4,0.069,lightgreen,cell-4,,,Biocollections::CellLine
APPEND,C13,,cell-1,0.07,lightgreen,cell-1,,,Biocollections::CellLine
APPEND,C14,,cell-2,0.071,lightgreen,cell-2,,,Biocollections::CellLine
APPEND,C15,,cell-4,0.072,lightgreen,cell-4,,,Biocollections::CellLine
APPEND,C16,,cell-1,0.073,lightgreen,cell-1,,,Biocollections::CellLine
APPEND,C17,,cell-2,0.074,lightgreen,cell-2,,,Biocollections::CellLine
APPEND,C18,,cell-4,0.075,lightgreen,cell-4,,,Biocollections::CellLine
APPEND,C19,,cell-1,0.076,lightgreen,cell-1,,,Biocollections::CellLine
APPEND,C20,,cell-2,0.077,lightgreen,cell-2,,,Biocollections::CellLine
APPEND,C21,,cell-4,0.078,lightgreen,cell-4,,,Biocollections::CellLine
APPEND,C22,,cell-1,0.079,lightgreen,cell-1,,,Biocollections::CellLine
APPEND,C23,,cell-2,0.08,lightgreen,cell-2,,,Biocollections::CellLine
APPEND,C24,,cell-4,0.081,lightgreen,cell-4,,,Biocollections::CellLine
APPEND,D1,,cell-1,0.082,lightgreen,cell-1,,,Biocollections::CellLine
APPEND,D2,,cell-2,0.083,lightgreen,cell-2,,,Biocollections::CellLine
APPEND,D3,,cell-4,0.084,lightgreen,cell-4,,,Biocollections::CellLine
APPEND,D4,,cell-1,0.085,lightgreen,cell-1,,,Biocollections::CellLine
APPEND,D5,,cell-2,0.086,lightgreen,cell-2,,,Biocollections::CellLine
APPEND,D6,,cell-4,0.087,lightgreen,cell-4,,,Biocollections::CellLine
APPEND,D7,,cell-1,0.088,lightgreen,cell-1,,,Biocollections::CellLine
APPEND,D8,,cell-2,0.089,lightgreen,cell-2,,,Biocollections::CellLine
APPEND,D9,,cell-4,0.09,lightgreen,cell-4,,,Biocollections::CellLine
APPEND,D10,,cell-1,0.091,lightgreen,cell-1,,,Biocollections::CellLine
APPEND,D11,,cell-2,0.092,lightgreen,cell-2,,,Biocollections::CellLine
APPEND,D12,,cell-4,0.093,lightgreen,cell-4,,,Biocollections::CellLine
APPEND,D13,,cell-1,0.094,lightgreen,cell-1,,,Biocollections::CellLine
APPEND,D14,,cell-2,0.095,lightgreen,cell-2,,,Biocollections::CellLine
APPEND,D15,,cell-4,0.096,lightgreen,cell-4,,,Biocollections::CellLine
APPEND,D16,,cell-1,0.097,lightgreen,cell-1,,,Biocollections::CellLine
APPEND,D17,,cell-2,0.098,lightgreen,cell-2,,,Biocollections::CellLine
APPEND,D18,,cell-4,0.099,lightgreen,cell-4,,,Biocollections::CellLine
APPEND,D19,,cell-1,0.1,lightgreen,cell-1,,,Biocollections::CellLine
APPEND,D20,,cell-2,0.101,lightgreen,cell-2,,,Biocollections::CellLine
APPEND,D21,,cell-4,0.102,lightgreen,cell-4,,,Biocollections::CellLine
APPEND,D22,,cell-1,0.103,lightgreen,cell-1,,,Biocollections::CellLine
APPEND,D23,,cell-2,0.104,lightgreen,cell-2,,,Biocollections::CellLine
APPEND,D24,,cell-4,0.105,lightgreen,cell-4,,,Biocollections::CellLine
APPEND,E1,,cell-1,0.106,lightgreen,cell-1,,,Biocollections::CellLine
APPEND,E2,,cell-2,0.107,lightgreen,cell-2,,,Biocollections::CellLine
APPEND,E3,,cell-4,0.108,lightgreen,cell-4,,,Biocollections::CellLine
APPEND,E4,,cell-1,0.109,lightgreen,cell-1,,,Biocollections::CellLine
APPEND,E5,,cell-2,0.11,lightgreen,cell-2,,,Biocollections::CellLine
APPEND,E6,,cell-4,0.111,lightgreen,cell-4,,,Biocollections::CellLine
APPEND,E7,,cell-1,0.112,lightgreen,cell-1,,,Biocollections::CellLine
APPEND,E8,,cell-2,0.113,lightgreen,cell-2,,,Biocollections::CellLine
APPEND,E9,,cell-4,0.114,lightgreen,cell-4,,,Biocollections::CellLine
APPEND,E10,,cell-1,0.115,lightgreen,cell-1,,,Biocollections::CellLine
APPEND,E11,,cell-2,0.116,lightgreen,cell-2,,,Biocollections::CellLine
APPEND,E12,,cell-4,0.117,lightgreen,cell-4,,,Biocollections::CellLine
APPEND,E13,,cell-1,0.118,lightgreen,cell-1,,,Biocollections::CellLine
APPEND,E14,,cell-2,0.119,lightgreen,cell-2,,,Biocollections::CellLine
APPEND,E15,,cell-4,0.12,lightgreen,cell-4,,,Biocollections::CellLine
APPEND,E16,,cell-1,0.121,lightgreen,cell-1,,,Biocollections::CellLine
APPEND,E17,,cell-2,0.122,lightgreen,cell-2,,,Biocollections::CellLine
APPEND,E18,,cell-4,0.123,lightgreen,cell-4,,,Biocollections::CellLine
APPEND,E19,,cell-1,0.124,lightgreen,cell-1,,,Biocollections::CellLine
APPEND,E20,,cell-2,0.125,lightgreen,cell-2,,,Biocollections::CellLine
APPEND,E21,,cell-4,0.126,lightgreen,cell-4,,,Biocollections::CellLine
APPEND,E22,,cell-1,0.127,lightgreen,cell-1,,,Biocollections::CellLine
APPEND,E23,,cell-2,0.128,lightgreen,cell-2,,,Biocollections::CellLine
APPEND,E24,,cell-4,0.129,lightgreen,cell-4,,,Biocollections::CellLine
APPEND,F1,,cell-1,0.13,lightgreen,cell-1,,,Biocollections::CellLine
APPEND,F2,,cell-2,0.131,lightgreen,cell-2,,,Biocollections::CellLine
APPEND,F3,,cell-4,0.132,lightgreen,cell-4,,,Biocollections::CellLine
APPEND,F4,,cell-1,0.133,lightgreen,cell-1,,,Biocollections::CellLine
APPEND,F5,,cell-2,0.134,lightgreen,cell-2,,,Biocollections::CellLine
APPEND,F6,,cell-4,0.135,lightgreen,cell-4,,,Biocollections::CellLine
APPEND,F7,,cell-1,0.136,lightgreen,cell-1,,,Biocollections::CellLine
APPEND,F8,,cell-2,0.137,lightgreen,cell-2,,,Biocollections::CellLine
APPEND,F9,,cell-4,0.138,lightgreen,cell-4,,,Biocollections::CellLine
APPEND,F10,,cell-1,0.139,lightgreen,cell-1,,,Biocollections::CellLine
APPEND,F11,,cell-2,0.14,lightgreen,cell-2,,,Biocollections::CellLine
APPEND,F12,,cell-4,0.141,lightgreen,cell-4,,,Biocollections::CellLine
APPEND,F13,,cell-1,0.142,lightgreen,cell-1,,,Biocollections::CellLine
APPEND,F14,,cell-2,0.143,lightgreen,cell-2,,,Biocollections::CellLine
APPEND,F15,,cell-4,0.144,lightgreen,cell-4,,,Biocollections::CellLine
APPEND,F16,,cell-1,0.145,lightgreen,cell-1,,,Biocollections::CellLine
APPEND,F17,,cell-2,0.146,lightgreen,cell-2,,,Biocollections::CellLine
APPEND,F18,,cell-4,0.147,lightgreen,cell-4,,,Biocollections::CellLine
APPEND,F19,,cell-1,0.148,lightgreen,cell-1,,,Biocollections::CellLine
APPEND,F20,,cell-2,0.149,lightgreen,cell-2,,,Biocollections::CellLine
APPEND,F21,,cell-4,0.15,lightgreen,cell-4,,,Biocollections::CellLine
APPEND,F22,,cell-1,0.151,lightgreen,cell-1,,,Biocollections::CellLine
APPEND,F23,,cell-2,0.152,lightgreen,cell-2,,,Biocollections::CellLine
APPEND,F24,,cell-4,0.153,lightgreen,cell-4,,,Biocollections::CellLine
APPEND,G1,,cell-1,0.154,lightgreen,cell-1,,,Biocollections::CellLine
APPEND,G2,,cell-2,0.155,lightgreen,cell-2,,,Biocollections::CellLine
APPEND,G3,,cell-4,0.156,lightgreen,cell-4,,,Biocollections::CellLine
APPEND,G4,,cell-1,0.157,lightgreen,cell-1,,,Biocollections::CellLine
APPEND,G5,,cell-2,0.158,lightgreen,cell-2,,,Biocollections::CellLine
APPEND,G6,,cell-4,0.159,lightgreen,cell-4,,,Biocollections::CellLine
APPEND,G7,,cell-1,0.16,lightgreen,cell-1,,,Biocollections::CellLine
APPEND,G8,,cell-2,0.161,lightgreen,cell-2,,,Biocollections::CellLine
APPEND,G9,,cell-4,0.162,lightgreen,cell-4,,,Biocollections::CellLine
APPEND,G10,,cell-1,0.163,lightgreen,cell-1,,,Biocollections::CellLine
APPEND,G11,,cell-2,0.164,lightgreen,cell-2,,,Biocollections::CellLine
APPEND,G12,,cell-4,0.165,lightgreen,cell-4,,,Biocollections::CellLine
APPEND,G13,,cell-1,0.166,lightgreen,cell-1,,,Biocollections::CellLine
APPEND,G14,,cell-2,0.167,lightgreen,cell-2,,,Biocollections::CellLine
APPEND,G15,,cell-4,0.168,lightgreen,cell-4,,,Biocollections::CellLine
APPEND,G16,,cell-1,0.169,lightgreen,cell-1,,,Biocollections::CellLine
APPEND,G17,,cell-2,0.17,lightgreen,cell-2,,,Biocollections::CellLine
APPEND,G18,,cell-4,0.171,lightgreen,cell-4,,,Biocollections::CellLine
APPEND,G19,,cell-1,0.172,lightgreen,cell-1,,,Biocollections::CellLine
APPEND,G20,,cell-2,0.173,lightgreen,cell-2,,,Biocollections::CellLine
APPEND,G21,,cell-4,0.174,lightgreen,cell-4,,,Biocollections::CellLine
APPEND,G22,,cell-1,0.175,lightgreen,cell-1,,,Biocollections::CellLine
APPEND,G23,,cell-2,0.176,lightgreen,cell-2,,,Biocollections::CellLine
APPEND,G24,,cell-4,0.177,lightgreen,cell-4,,,Biocollections::CellLine
APPEND,H1,,cell-1,0.178,lightgreen,cell-1,,,Biocollections::CellLine
APPEND,H2,,cell-2,0.179,lightgreen,cell-2,,,Biocollections::CellLine
APPEND,H3,,cell-4,0.18,lightgreen,cell-4,,,Biocollections::CellLine
APPEND,H4,,cell-1,0.181,lightgreen,cell-1,,,Biocollections::CellLine
APPEND,H5,,cell-2,0.182,lightgreen,cell-2,,,Biocollections::CellLine
APPEND,H6,,cell-4,0.183,lightgreen,cell-4,,,Biocollections::CellLine
APPEND,H7,,cell-1,0.184,lightgreen,cell-1,,,Biocollections::CellLine
APPEND,H8,,cell-2,0.185,lightgreen,cell-2,,,Biocollections::CellLine
APPEND,H9,,cell-4,0.186,lightgreen,cell-4,,,Biocollections::CellLine
APPEND,H10,,cell-1,0.187,lightgreen,cell-1,,,Biocollections::CellLine
APPEND,H11,,cell-2,0.188,lightgreen,cell-2,,,Biocollections::CellLine
APPEND,H12,,cell-4,0.189,lightgreen,cell-4,,,Biocollections::CellLine
APPEND,H13,,cell-1,0.19,lightgreen,cell-1,,,Biocollections::CellLine
APPEND,H14,,cell-2,0.191,lightgreen,cell-2,,,Biocollections::CellLine
APPEND,H15,,cell-4,0.192,lightgreen,cell-4,,,Biocollections::CellLine
APPEND,H16,,cell-1,0.193,lightgreen,cell-1,,,Biocollections::CellLine
APPEND,H17,,cell-2,0.194,lightgreen,cell-2,,,Biocollections::CellLine
APPEND,H18,,cell-4,0.195,lightgreen,cell-4,,,Biocollections::CellLine
APPEND,H19,,cell-1,0.196,lightgreen,cell-1,,,Biocollections::CellLine
APPEND,H20,,cell-2,0.197,lightgreen,cell-2,,,Biocollections::CellLine
APPEND,H21,,cell-4,0.198,lightgreen,cell-4,,,Biocollections::CellLine
APPEND,H22,,cell-1,0.199,lightgreen,cell-1,,,Biocollections::CellLine
APPEND,H23,,cell-2,0.2,lightgreen,cell-2,,,Biocollections::CellLine
APPEND,H24,,cell-4,0.201,lightgreen,cell-4,,,Biocollections::CellLine
APPEND,I1,,cell-1,0.202,lightgreen,cell-1,,,Biocollections::CellLine
APPEND,I2,,cell-2,0.203,lightgreen,cell-2,,,Biocollections::CellLine
APPEND,I3,,cell-4,0.204,lightgreen,cell-4,,,Biocollections::CellLine
APPEND,I4,,cell-1,0.205,lightgreen,cell-1,,,Biocollections::CellLine
APPEND,I5,,cell-2,0.206,lightgreen,cell-2,,,Biocollections::CellLine
APPEND,I6,,cell-4,0.207,lightgreen,cell-4,,,Biocollections::CellLine
APPEND,I7,,cell-1,0.208,lightgreen,cell-1,,,Biocollections::CellLine
APPEND,I8,,cell-2,0.209,lightgreen,cell-2,,,Biocollections::CellLine
APPEND,I9,,cell-4,0.21,lightgreen,cell-4,,,Biocollections::CellLine
APPEND,I10,,cell-1,0.211,lightgreen,cell-1,,,Biocollections::CellLine
APPEND,I11,,cell-2,0.212,lightgreen,cell-2,,,Biocollections::CellLine
APPEND,I12,,cell-4,0.213,lightgreen,cell-4,,,Biocollections::CellLine
APPEND,I13,,cell-1,0.214,lightgreen,cell-1,,,Biocollections::CellLine
APPEND,I14,,cell-2,0.215,lightgreen,cell-2,,,Biocollections::CellLine
APPEND,I15,,cell-4,0.216,lightgreen,cell-4,,,Biocollections::CellLine
APPEND,I16,,cell-1,0.217,lightgreen,cell-1,,,Biocollections::CellLine
APPEND,I17,,cell-2,0.218,lightgreen,cell-2,,,Biocollections::CellLine
APPEND,I18,,cell-4,0.219,lightgreen,cell-4,,,Biocollections::CellLine
APPEND,I19,,cell-1,0.22,lightgreen,cell-1,,,Biocollections::CellLine
APPEND,I20,,cell-2,0.221,lightgreen,cell-2,,,Biocollections::CellLine
APPEND,I21,,cell-4,0.222,lightgreen,cell-4,,,Biocollections::CellLine
APPEND,I22,,cell-1,0.223,lightgreen,cell-1,,,Biocollections::CellLine
APPEND,I23,,cell-2,0.224,lightgreen,cell-2,,,Biocollections::CellLine
APPEND,I24,,cell-4,0.225,lightgreen,cell-4,,,Biocollections::CellLine
APPEND,J1,,cell-1,0.226,lightgreen,cell-1,,,Biocollections::CellLine
APPEND,J2,,cell-2,0.227,lightgreen,cell-2,,,Biocollections::CellLine
APPEND,J3,,cell-4,0.228,lightgreen,cell-4,,,Biocollections::CellLine
APPEND,J4,,cell-1,0.229,lightgreen,cell-1,,,Biocollections::CellLine
APPEND,J5,,cell-2,0.23,lightgreen,cell-2,,,Biocollections::CellLine
APPEND,J6,,cell-4,0.231,lightgreen,cell-4,,,Biocollections::CellLine
APPEND,J7,,cell-1,0.232,lightgreen,cell-1,,,Biocollections::CellLine
APPEND,J8,,cell-2,0.233,lightgreen,cell-2,,,Biocollections::CellLine
APPEND,J9,,cell-4,0.234,lightgreen,cell-4,,,Biocollections::CellLine
APPEND,J10,,cell-1,0.235,lightgreen,cell-1,,,Biocollections::CellLine
APPEND,J11,,cell-2,0.236,lightgreen,cell-2,,,Biocollections::CellLine
APPEND,J12,,cell-4,0.237,lightgreen,cell-4,,,Biocollections::CellLine
APPEND,J13,,cell-1,0.238,lightgreen,cell-1,,,Biocollections::CellLine
APPEND,J14,,cell-2,0.239,lightgreen,cell-2,,,Biocollections::CellLine
APPEND,J15,,cell-4,0.24,lightgreen,cell-4,,,Biocollections::CellLine
APPEND,J16,,cell-1,0.241,lightgreen,cell-1,,,Biocollections::CellLine
APPEND,J17,,cell-2,0.242,lightgreen,cell-2,,,Biocollections::CellLine
APPEND,J18,,cell-4,0.243,lightgreen,cell-4,,,Biocollections::CellLine
APPEND,J19,,cell-1,0.244,lightgreen,cell-1,,,Biocollections::CellLine
APPEND,J20,,cell-2,0.245,lightgreen,cell-2,,,Biocollections::CellLine
APPEND,J21,,cell-4,0.246,lightgreen,cell-4,,,Biocollections::CellLine
APPEND,J22,,cell-1,0.247,lightgreen,cell-1,,,Biocollections::CellLine
APPEND,J23,,cell-2,0.248,lightgreen,cell-2,,,Biocollections::CellLine
APPEND,J24,,cell-4,0.249,lightgreen,cell-4,,,Biocollections::CellLine
APPEND,K1,,cell-1,0.25,lightgreen,cell-1,,,Biocollections::CellLine
APPEND,K2,,cell-2,0.251,lightgreen,cell-2,,,Biocollections::CellLine
APPEND,K3,,cell-4,0.252,lightgreen,cell-4,,,Biocollections::CellLine
APPEND,K4,,cell-1,0.253,lightgreen,cell-1,,,Biocollections::CellLine
APPEND,K5,,cell-2,0.254,lightgreen,cell-2,,,Biocollections::CellLine
APPEND,K6,,cell-4,0.255,lightgreen,cell-4,,,Biocollections::CellLine
APPEND,K7,,cell-1,0.256,lightgreen,cell-1,,,Biocollections::CellLine
APPEND,K8,,cell-2,0.257,lightgreen,cell-2,,,Biocollections::CellLine
APPEND,K9,,cell-4,0.258,lightgreen,cell-4,,,Biocollections::CellLine
APPEND,K10,,cell-1,0.259,lightgreen,cell-1,,,Biocollections::CellLine
APPEND,K11,,cell-2,0.26,lightgreen,cell-2,,,Biocollections::CellLine
APPEND,K12,,cell-4,0.261,lightgreen,cell-4,,,Biocollections::CellLine
APPEND,K13,,cell-1,0.262,lightgreen,cell-1,,,Biocollections::CellLine
APPEND,K14,,cell-2,0.263,lightgreen,cell-2,,,Biocollections::CellLine
APPEND,K15,,cell-4,0.264,lightgreen,cell-4,,,Biocollections::CellLine
APPEND,K16,,cell-1,0.265,lightgreen,cell-1,,,Biocollections::CellLine
APPEND,K17,,cell-2,0.266,lightgreen,cell-2,,,Biocollections::CellLine
APPEND,K18,,cell-4,0.267,lightgreen,cell-4,,,Biocollections::CellLine
APPEND,K19,,cell-1,0.268,lightgreen,cell-1,,,Biocollections::CellLine
APPEND,K20,,cell-2,0.269,lightgreen,cell-2,,,Biocollections::CellLine
APPEND,K21,,cell-4,0.27,lightgreen,cell-4,,,Biocollections::CellLine
APPEND,K22,,cell-1,0.271,lightgreen,cell-1,,,Biocollections::CellLine
APPEND,K23,,cell-2,0.272,lightgreen,cell-2,,,Biocollections::CellLine
APPEND,K24,,cell-4,0.273,lightgreen,cell-4,,,Biocollections::CellLine
APPEND,L1,,cell-1,0.274,lightgreen,cell-1,,,Biocollections::CellLine
APPEND,L2,,cell-2,0.275,lightgreen,cell-2,,,Biocollections::CellLine
APPEND,L3,,cell-4,0.276,lightgreen,cell-4,,,Biocollections::CellLine
APPEND,L4,,cell-1,0.277,lightgreen,cell-1,,,Biocollections::CellLine
APPEND,L5,,cell-2,0.278,lightgreen,cell-2,,,Biocollections::CellLine
APPEND,L6,,cell-4,0.279,lightgreen,cell-4,,,Biocollections::CellLine
APPEND,L7,,cell-1,0.28,lightgreen,cell-1,,,Biocollections::CellLine
APPEND,L8,,cell-2,0.281,lightgreen,cell-2,,,Biocollections::CellLine
APPEND,L9,,cell-4,0.282,lightgreen,cell-4,,,Biocollections::CellLine
APPEND,L10,,cell-1,0.283,lightgreen,cell-1,,,Biocollections::CellLine
APPEND,L11,,cell-2,0.284,lightgreen,cell-2,,,Biocollections::CellLine
APPEND,L12,,cell-4,0.285,lightgreen,cell-4,,,Biocollections::CellLine
APPEND,L13,,cell-1,0.286,lightgreen,cell-1,,,Biocollections::CellLine
APPEND,L14,,cell-2,0.287,lightgreen,cell-2,,,Biocollections::CellLine
APPEND,L15,,cell-4,0.288,lightgreen,cell-4,,,Biocollections::CellLine
APPEND,L16,,cell-1,0.289,lightgreen,cell-1,,,Biocollections::CellLine
APPEND,L17,,cell-2,0.29,lightgreen,cell-2,,,Biocollections::CellLine
APPEND,L18,,cell-4,0.291,lightgreen,cell-4,,,Biocollections::CellLine
APPEND,L19,,cell-1,0.292,lightgreen,cell-1,,,Biocollections::CellLine
APPEND,L20,,cell-2,0.293,lightgreen,cell-2,,,Biocollections::CellLine
APPEND,L21,,cell-4,0.294,lightgreen,cell-4,,,Biocollections::CellLine
APPEND,L22,,cell-1,0.295,lightgreen,cell-1,,,Biocollections::CellLine
APPEND,L23,,cell-2,0.296,lightgreen,cell-2,,,Biocollections::CellLine
APPEND,L24,,cell-4,0.297,lightgreen,cell-4,,,Biocollections::CellLine
APPEND,M1,,cell-1,0.298,lightgreen,cell-1,,,Biocollections::CellLine
APPEND,M2,,cell-2,0.299,lightgreen,cell-2,,,Biocollections::CellLine
APPEND,M3,,cell-4,0.3,lightgreen,cell-4,,,Biocollections::CellLine
APPEND,M4,,cell-1,0.301,lightgreen,cell-1,,,Biocollections::CellLine
APPEND,M5,,cell-2,0.302,lightgreen,cell-2,,,Biocollections::CellLine
APPEND,M6,,cell-4,0.303,lightgreen,cell-4,,,Biocollections::CellLine
APPEND,M7,,cell-1,0.304,lightgreen,cell-1,,,Biocollections::CellLine
APPEND,M8,,cell-2,0.305,lightgreen,cell-2,,,Biocollections::CellLine
APPEND,M9,,cell-4,0.306,lightgreen,cell-4,,,Biocollections::CellLine
APPEND,M10,,cell-1,0.307,lightgreen,cell-1,,,Biocollections::CellLine
APPEND,M11,,cell-2,0.308,lightgreen,cell-2,,,Biocollections::CellLine
APPEND,M12,,cell-4,0.309,lightgreen,cell-4,,,Biocollections::CellLine
APPEND,M13,,cell-1,0.31,lightgreen,cell-1,,,Biocollections::CellLine
APPEND,M14,,cell-2,0.311,lightgreen,cell-2,,,Biocollections::CellLine
APPEND,M15,,cell-4,0.312,lightgreen,cell-4,,,Biocollections::CellLine
APPEND,M16,,cell-1,0.313,lightgreen,cell-1,,,Biocollections::CellLine
APPEND,M17,,cell-2,0.314,lightgreen,cell-2,,,Biocollections::CellLine
APPEND,M18,,cell-4,0.315,lightgreen,cell-4,,,Biocollections::CellLine
APPEND,M19,,cell-1,0.316,lightgreen,cell-1,,,Biocollections::CellLine
APPEND,M20,,cell-2,0.317,lightgreen,cell-2,,,Biocollections::CellLine
APPEND,M21,,cell-4,0.318,lightgreen,cell-4,,,Biocollections::CellLine
APPEND,M22,,cell-1,0.319,lightgreen,cell-1,,,Biocollections::CellLine
APPEND,M23,,cell-2,0.32,lightgreen,cell-2,,,Biocollections::CellLine
APPEND,M24,,cell-4,0.321,lightgreen,cell-4,,,Biocollections::CellLine
APPEND,N1,,cell-1,0.322,lightgreen,cell-1,,,Biocollections::CellLine
APPEND,N2,,cell-2,0.323,lightgreen,cell-2,,,Biocollections::CellLine
APPEND,N3,,cell-4,0.324,lightgreen,cell-4,,,Biocollections::CellLine
APPEND,N4,,cell-1,0.325,lightgreen,cell-1,,,Biocollections::CellLine
APPEND,N5,,cell-2,0.326,lightgreen,cell-2,,,Biocollections::CellLine
APPEND,N6,,cell-4,0.327,lightgreen,cell-4,,,Biocollections::CellLine
APPEND,N7,,cell-1,0.328,lightgreen,cell-1,,,Biocollections::CellLine
APPEND,N8,,cell-2,0.329,lightgreen,cell-2,,,Biocollections::CellLine
APPEND,N9,,cell-4,0.33,lightgreen,cell-4,,,Biocollections::CellLine
APPEND,N10,,cell-1,0.331,lightgreen,cell-1,,,Biocollections::CellLine
APPEND,N11,,cell-2,0.332,lightgreen,cell-2,,,Biocollections::CellLine
APPEND,N12,,cell-4,0.333,lightgreen,cell-4,,,Biocollections::CellLine
APPEND,N13,,cell-1,0.334,lightgreen,cell-1,,,Biocollections::CellLine
APPEND,N14,,cell-2,0.335,lightgreen,cell-2,,,Biocollections::CellLine
APPEND,N15,,cell-4,0.336,lightgreen,cell-4,,,Biocollections::CellLine
APPEND,N16,,cell-1,0.337,lightgreen,cell-1,,,Biocollections::CellLine
APPEND,N17,,cell-2,0.338,lightgreen,cell-2,,,Biocollections::CellLine
APPEND,N18,,cell-4,0.339,lightgreen,cell-4,,,Biocollections::CellLine
APPEND,N19,,cell-1,0.34,lightgreen,cell-1,,,Biocollections::CellLine
APPEND,N20,,cell-2,0.341,lightgreen,cell-2,,,Biocollections::CellLine
APPEND,N21,,cell-4,0.342,lightgreen,cell-4,,,Biocollections::CellLine
APPEND,N22,,cell-1,0.343,lightgreen,cell-1,,,Biocollections::CellLine
APPEND,N23,,cell-2,0.344,lightgreen,cell-2,,,Biocollections::CellLine
APPEND,N24,,cell-4,0.345,lightgreen,cell-4,,,Biocollections::CellLine
APPEND,O1,,cell-1,0.346,lightgreen,cell-1,,,Biocollections::CellLine
APPEND,O2,,cell-2,0.347,lightgreen,cell-2,,,Biocollections::CellLine
APPEND,O3,,cell-4,0.348,lightgreen,cell-4,,,Biocollections::CellLine
APPEND,O4,,cell-1,0.349,lightgreen,cell-1,,,Biocollections::CellLine
APPEND,O5,,cell-2,0.35,lightgreen,cell-2,,,Biocollections::CellLine
APPEND,O6,,cell-4,0.351,lightgreen,cell-4,,,Biocollections::CellLine
APPEND,O7,,cell-1,0.352,lightgreen,cell-1,,,Biocollections::CellLine
APPEND,O8,,cell-2,0.353,lightgreen,cell-2,,,Biocollections::CellLine
APPEND,O9,,cell-4,0.354,lightgreen,cell-4,,,Biocollections::CellLine
APPEND,O10,,cell-1,0.355,lightgreen,cell-1,,,Biocollections::CellLine
APPEND,O11,,cell-2,0.356,lightgreen,cell-2,,,Biocollections::CellLine
APPEND,O12,,cell-4,0.357,lightgreen,cell-4,,,Biocollections::CellLine
APPEND,O13,,cell-1,0.358,lightgreen,cell-1,,,Biocollections::CellLine
APPEND,O14,,cell-2,0.359,lightgreen,cell-2,,,Biocollections::CellLine
APPEND,O15,,cell-4,0.36,lightgreen,cell-4,,,Biocollections::CellLine
APPEND,O16,,cell-1,0.361,lightgreen,cell-1,,,Biocollections::CellLine
APPEND,O17,,cell-2,0.362,lightgreen,cell-2,,,Biocollections::CellLine
APPEND,O18,,cell-4,0.363,lightgreen,cell-4,,,Biocollections::CellLine
APPEND,O19,,cell-1,0.364,lightgreen,cell-1,,,Biocollections::CellLine
APPEND,O20,,cell-2,0.365,lightgreen,cell-2,,,Biocollections::CellLine
APPEND,O21,,cell-4,0.366,lightgreen,cell-4,,,Biocollections::CellLine
APPEND,O22,,cell-1,0.367,lightgreen,cell-1,,,Biocollections::CellLine
APPEND,O23,,cell-2,0.368,lightgreen,cell-2,,,Biocollections::CellLine
APPEND,O24,,cell-4,0.369,lightgreen,cell-4,,,Biocollections::CellLine
APPEND,P1,,cell-1,0.37,lightgreen,cell-1,,,Biocollections::CellLine
APPEND,P2,,cell-2,0.371,lightgreen,cell-2,,,Biocollections::CellLine
APPEND,P3,,cell-4,0.372,lightgreen,cell-4,,,Biocollections::CellLine
APPEND,P4,,cell-1,0.373,lightgreen,cell-1,,,Biocollections::CellLine
APPEND,P5,,cell-2,0.374,lightgreen,cell-2,,,Biocollections::CellLine
APPEND,P6,,cell-4,0.375,lightgreen,cell-4,,,Biocollections::CellLine
APPEND,P7,,cell-1,0.376,lightgreen,cell-1,,,Biocollections::CellLine
APPEND,P8,,cell-2,0.377,lightgreen,cell-2,,,Biocollections::CellLine
APPEND,P9,,cell-4,0.378,lightgreen,cell-4,,,Biocollections::CellLine
APPEND,P10,,cell-1,0.379,lightgreen,cell-1,,,Biocollections::CellLine
APPEND,P11,,cell-2,0.38,lightgreen,cell-2,,,Biocollections::CellLine
APPEND,P12,,cell-4,0.381,lightgreen,cell-4,,,Biocollections::CellLine
APPEND,P13,,cell-1,0.382,lightgreen,cell-1,,,Biocollections::CellLine
APPEND,P14,,cell-2,0.383,lightgreen,cell-2,,,Biocollections::CellLine
APPEND,P15,,cell-4,0.384,lightgreen,cell-4,,,Biocollections::CellLine
APPEND,P16,,cell-1,0.385,lightgreen,cell-1,,,Biocollections::CellLine
APPEND,P17,,cell-2,0.386,lightgreen,cell-2,,,Biocollections::CellLine
APPEND,P18,,cell-4,0.387,lightgreen,cell-4,,,Biocollections::CellLine
APPEND,P19,,cell-1,0.388,lightgreen,cell-1,,,Biocollections::CellLine
APPEND,P20,,cell-2,0.389,lightgreen,cell-2,,,Biocollections::CellLine
APPEND,P21,,cell-4,0.39,lightgreen,cell-4,,,Biocollections::CellLine
APPEND,P22,,cell-1,0.391,lightgreen,cell-1,,,Biocollections::CellLine
APPEND,P23,,cell-2,0.392,lightgreen,cell-2,,,Biocollections::CellLine
APPEND,P24,,cell-4,0.393,lightgreen,cell-4,,,Biocollections::CellLine
